OBJECTID,GlobalID,Municipality,MunicipalityNumber,PlanningRegion,CouncilOfGovernment,MetropolitanPlanningOrganizatio,County,DEMHSRegion,StatePoliceTroop,DOTMunicipalityNumber,DOTConstructionDistrict,DOTHighwayOperationsCenter,TransportationManagementArea,OzoneDesignatedArea,PM25DesignatedArea,CarbonMonoxideDesignatedArea,TransitDistrict,SquareMiles,created_user,created_date,last_edited_user,last_edited_date,Shape__Area,Shape__Length
1,6ffc5627-afe3-47ef-9ba3-8b14892a7639,Andover,1,Capital,Capital Region,Capital Region,Tolland,3,K,1,1,Newington,Hartford,Greater CT Ozone Non-Attainment Area,PM 2.5 Attainment Area,4,,15.71367366,CTDOT_OpenData,2023/08/07 13:05:54.033+00,CTDOT_OpenData,2023/08/07 13:05:54.033+00,438072079.376526,86301.9761086543
2,8b777c65-0cab-42ed-8bab-86eb34d0faa9,Ansonia,2,Naugatuck Valley,Naugatuck Valley,Greater Bridgeport Valley,New Haven,2,I,2,4,Newington,Bridgeport - Stamford,NY-NJ-LI Ozone Non-Attainment Area,PM 2.5 Attainment - Maintenance Area,3,Valley,6.24905295,CTDOT_OpenData,2023/08/07 13:05:54.033+00,CTDOT_OpenData,2023/08/07 13:05:54.033+00,174213597.549805,53485.5076924289
3,a569bc2d-8954-4fc5-bfcb-13eb80f4a89c,Ashford,3,Northeastern Connecticut,Northeastern CT,Northeastern CT,Windham,4,C,3,2,Newington,,Greater CT Ozone Non-Attainment Area,PM 2.5 Attainment Area,5,Windham Regional,39.8070438,CTDOT_OpenData,2023/08/07 13:05:54.033+00,CTDOT_OpenData,2023/08/07 13:05:54.033+00,1109756689.26837,141927.322050989
4,12d25932-9b79-4247-a55c-80fd8f3e0c26,Avon,4,Capital,Capital Region,Capital Region,Hartford,3,H,4,4,Newington,Hartford,Greater CT Ozone Non-Attainment Area,PM 2.5 Attainment Area,4,,23.40710622,CTDOT_OpenData,2023/08/07 13:05:54.033+00,CTDOT_OpenData,2023/08/07 13:05:54.033+00,652552669.573914,108102.697128429
5,9b358c64-5321-41a8-8289-76b4e940054e,Barkhamsted,5,Northwest Hills,Northwest Hills,Northwest Hills,Litchfield,5,B,5,4,Newington,,Greater CT Ozone Non-Attainment Area,PM 2.5 Attainment Area,2,Northwestern CT,38.70919179,CTDOT_OpenData,2023/08/07 13:05:54.033+00,CTDOT_OpenData,2023/08/07 13:05:54.033+00,1079150331.78851,135781.046393351
6,a075a0e1-db06-4b23-8424-7879b0a3896a,Beacon Falls,6,Naugatuck Valley,Naugatuck Valley,Central Naugatuck Valley,New Haven,5,I,6,4,Newington,,NY-NJ-LI Ozone Non-Attainment Area,PM 2.5 Attainment - Maintenance Area,3,,9.86355521,CTDOT_OpenData,2023/08/07 13:05:54.033+00,CTDOT_OpenData,2023/08/07 13:05:54.033+00,274980137.285706,79687.056911039
7,d0669105-ae83-496a-a18f-2908eca9156d,Berlin,7,Capital,Capital Region,Capital Region,Hartford,3,H,7,1,Newington,Hartford,Greater CT Ozone Non-Attainment Area,PM 2.5 Attainment Area,4,,27.12346229,CTDOT_OpenData,2023/08/07 13:05:54.033+00,CTDOT_OpenData,2023/08/07 13:05:54.033+00,756158730.716125,136418.069591275
8,d4856677-6b98-42b2-82e5-a7c5e7166544,Bethany,8,South Central Connecticut,South Central Regional,South Central Region,New Haven,2,I,8,3,Bridgeport,New Haven,NY-NJ-LI Ozone Non-Attainment Area,PM 2.5 Attainment - Maintenance Area,3,Greater New Haven,21.39237402,CTDOT_OpenData,2023/08/07 13:05:54.033+00,CTDOT_OpenData,2023/08/07 13:05:54.033+00,596385159.579529,111760.393867228
9,0d562605-7d38-4b49-8a69-97962da58dfa,Bethel,9,Western Connecticut,Western CT,Housatonic Valley,Fairfield,5,A,9,4,Newington,,NY-NJ-LI Ozone Non-Attainment Area,PM 2.5 Attainment - Maintenance Area,1,Housatonic Area Regional,16.94347443,CTDOT_OpenData,2023/08/07 13:05:54.033+00,CTDOT_OpenData,2023/08/07 13:05:54.033+00,472356957.352966,97561.798434852
10,022dac73-2cc9-46ba-a508-fcfb4786a5e5,Bethlehem,10,Naugatuck Valley,Naugatuck Valley,Central Naugatuck Valley,Litchfield,5,L,10,4,Newington,,Greater CT Ozone Non-Attainment Area,PM 2.5 Attainment Area,3,,19.64447599,CTDOT_OpenData,2023/08/07 13:05:54.033+00,CTDOT_OpenData,2023/08/07 13:05:54.033+00,547656559.141235,94009.243845406
11,80eb6e0d-af21-4060-b6f9-5993328e0896,Bloomfield,11,Capital,Capital Region,Capital Region,Hartford,3,H,11,1,Newington,Hartford,Greater CT Ozone Non-Attainment Area,PM 2.5 Attainment Area,4,Greater Hartford,26.37403856,CTDOT_OpenData,2023/08/07 13:05:54.033+00,CTDOT_OpenData,2023/08/07 13:05:54.033+00,735265996.138977,129595.726278003
12,3ff5c4a7-d7e9-426e-9990-ba2cbd0ae15a,Bolton,12,Capital,Capital Region,Capital Region,Tolland,3,K,12,1,Newington,Hartford,Greater CT Ozone Non-Attainment Area,PM 2.5 Attainment Area,4,,14.73826571,CTDOT_OpenData,2023/08/07 13:05:54.033+00,CTDOT_OpenData,2023/08/07 13:05:54.033+00,410879266.539246,84021.0299862976
13,276e5340-96aa-4845-a51d-a86c70d2bed2,Bozrah,13,Southeastern Connecticut,Southeastern CT,Southeastern CT,New London,4,K,13,2,Bridgeport,Southeastern,Greater CT Ozone Non-Attainment Area,PM 2.5 Attainment Area,5,,20.28448628,CTDOT_OpenData,2023/08/07 13:05:54.033+00,CTDOT_OpenData,2023/08/07 13:05:54.033+00,565499022.062134,101615.480517018
14,c687afe3-5f2d-4fe3-8a15-c8da42a7fdfa,Branford,14,South Central Connecticut,South Central Regional,South Central Region,New Haven,2,F,14,3,Bridgeport,New Haven,NY-NJ-LI Ozone Non-Attainment Area,PM 2.5 Attainment - Maintenance Area,3,Greater New Haven,21.96629555,CTDOT_OpenData,2023/08/07 13:05:54.033+00,Gregory.Ciparelli_CTDOT,2023/10/06 18:18:19.404+00,612506602.727478,298509.101594279
15,41f1be20-8486-41e4-8e17-0bdfef2c8501,Bridgeport,15,Greater Bridgeport,CT Metropolitan,Greater Bridgeport Valley,Fairfield,1,G,15,3,Bridgeport,Bridgeport - Stamford,NY-NJ-LI Ozone Non-Attainment Area,PM 2.5 Attainment - Maintenance Area,1,Greater Bridgeport,16.35932297,CTDOT_OpenData,2023/08/07 13:05:54.033+00,CTDOT_OpenData,2023/08/07 13:05:54.033+00,456071749.140045,186092.491799908
16,5a64e8cd-91ef-47a4-8dd9-05a382c9bc3c,Bridgewater,16,Western Connecticut,Western CT,Housatonic Valley,Litchfield,5,A,16,4,Newington,,Greater CT Ozone Non-Attainment Area,PM 2.5 Attainment Area,1,,17.35661624,CTDOT_OpenData,2023/08/07 13:05:54.033+00,CTDOT_OpenData,2023/08/07 13:05:54.033+00,483874689.879272,110214.364128488
17,fb027824-91d3-476d-bab6-e246b39740db,Bristol,17,Naugatuck Valley,Naugatuck Valley,Central Naugatuck Valley,Hartford,3,L,17,1,Newington,Hartford,Greater CT Ozone Non-Attainment Area,PM 2.5 Attainment Area,4,,26.82533317,CTDOT_OpenData,2023/08/07 13:05:54.033+00,CTDOT_OpenData,2023/08/07 13:05:54.033+00,747847367.859192,113541.759882339
18,1b16e084-c033-4bb4-8a5c-f46675d57ab6,Brookfield,18,Western Connecticut,Western CT,Housatonic Valley,Fairfield,5,A,18,4,Newington,,NY-NJ-LI Ozone Non-Attainment Area,PM 2.5 Attainment - Maintenance Area,1,Housatonic Area Regional,20.35599604,CTDOT_OpenData,2023/08/07 13:05:54.033+00,CTDOT_OpenData,2023/08/07 13:05:54.033+00,567492599.562622,113347.007302646
19,be25595e-6f9d-4c1e-8369-8cbe542f7fa4,Brooklyn,19,Northeastern Connecticut,Northeastern CT,Northeastern CT,Windham,4,D,19,2,Newington,,Greater CT Ozone Non-Attainment Area,PM 2.5 Attainment Area,5,Northeastern CT,29.12762021,CTDOT_OpenData,2023/08/07 13:05:54.033+00,CTDOT_OpenData,2023/08/07 13:05:54.033+00,812031446.787231,131217.081456825
20,36f06d82-9bef-447a-a574-503766b22e80,Burlington,20,Northwest Hills,Northwest Hills,Northwest Hills,Hartford,3,L,20,4,Newington,Hartford,Greater CT Ozone Non-Attainment Area,PM 2.5 Attainment Area,4,,30.4637698,CTDOT_OpenData,2023/08/07 13:05:54.033+00,CTDOT_OpenData,2023/08/07 13:05:54.033+00,849281159.623291,121074.617910065
21,407233bb-8faf-4a96-8fd9-0ed014628920,Canaan,21,Northwest Hills,Northwest Hills,Northwest Hills,Litchfield,5,B,21,4,Newington,,Greater CT Ozone Non-Attainment Area,PM 2.5 Attainment Area,2,Northwestern CT,33.14251635,CTDOT_OpenData,2023/08/07 13:05:54.033+00,CTDOT_OpenData,2023/08/07 13:05:54.033+00,923960327.336914,129559.302483489
22,6afc8610-c091-494e-9c0e-7ff85e238e69,Canterbury,22,Northeastern Connecticut,Northeastern CT,Northeastern CT,Windham,4,D,22,2,Newington,,Greater CT Ozone Non-Attainment Area,PM 2.5 Attainment Area,5,,40.2472164,CTDOT_OpenData,2023/08/07 13:05:54.033+00,CTDOT_OpenData,2023/08/07 13:05:54.033+00,1122027996.95276,158709.383199362
23,7137fed1-bf0d-4647-b2b8-79efed85f4b1,Canton,23,Capital,Capital Region,Capital Region,Hartford,3,L,23,4,Newington,Hartford,Greater CT Ozone Non-Attainment Area,PM 2.5 Attainment Area,4,,25.02854453,CTDOT_OpenData,2023/08/07 13:05:54.033+00,CTDOT_OpenData,2023/08/07 13:05:54.033+00,697755775.330444,123258.137645903
24,0b899b8d-def0-4a71-b170-971cbb7a46b0,Chaplin,24,Northeastern Connecticut,Northeastern CT,Northeastern CT,Windham,4,D,24,2,Newington,,Greater CT Ozone Non-Attainment Area,PM 2.5 Attainment Area,5,Windham Regional,19.71368154,CTDOT_OpenData,2023/08/07 13:05:54.033+00,CTDOT_OpenData,2023/08/07 13:05:54.033+00,549585898.99762,96815.2201528936
25,4fc64057-578d-48a7-b692-d7c06204e199,Cheshire,25,Naugatuck Valley,Naugatuck Valley,Central Naugatuck Valley,New Haven,2,I,25,1,Newington,,NY-NJ-LI Ozone Non-Attainment Area,PM 2.5 Attainment - Maintenance Area,3,Greater Waterbury,33.07094436,CTDOT_OpenData,2023/08/07 13:05:54.033+00,CTDOT_OpenData,2023/08/07 13:05:54.033+00,921965014.820068,134374.302871477
26,cf2c820c-e060-497b-858d-70ea31acb0d2,Chester,26,Lower Connecticut River Valley,Lower CT River Valley,Lower CT River Valley,Middlesex,2,F,26,2,Bridgeport,New Haven,NY-NJ-LI Ozone Non-Attainment Area,PM 2.5 Attainment Area,5,Estuary,16.81930224,CTDOT_OpenData,2023/08/07 13:05:54.033+00,CTDOT_OpenData,2023/08/07 13:05:54.033+00,468895235.350525,90099.2462828395
27,f6ede817-b24e-4766-a5af-b4b6ce5c8bcb,Clinton,27,Lower Connecticut River Valley,Lower CT River Valley,Lower CT River Valley,Middlesex,2,F,27,2,Bridgeport,New Haven,NY-NJ-LI Ozone Non-Attainment Area,PM 2.5 Attainment Area,5,Estuary,16.38629525,CTDOT_OpenData,2023/08/07 13:05:54.033+00,CTDOT_OpenData,2023/08/07 13:05:54.033+00,456823693.252075,123907.685934081
28,16a38375-d2f1-45a4-aeec-20c48b9ab8cb,Colchester,28,Southeastern Connecticut,Southeastern CT,Southeastern CT,New London,4,K,28,2,Newington,Southeastern,Greater CT Ozone Non-Attainment Area,PM 2.5 Attainment Area,5,,49.63395575,CTDOT_OpenData,2023/08/07 13:05:54.033+00,CTDOT_OpenData,2023/08/07 13:05:54.033+00,1383715271.11255,184278.92493
29,03d13ca5-21cd-438b-bd32-11a0034952ac,Colebrook,29,Northwest Hills,Northwest Hills,Northwest Hills,Litchfield,5,B,29,4,Newington,,Greater CT Ozone Non-Attainment Area,PM 2.5 Attainment Area,2,Northwestern CT,32.89091642,CTDOT_OpenData,2023/08/07 13:05:54.033+00,CTDOT_OpenData,2023/08/07 13:05:54.033+00,916946123.711914,123126.226049632
30,ec8eca94-1296-4614-a718-86589b39d49a,Columbia,30,Capital,Capital Region,Capital Region,Tolland,4,K,30,2,Newington,,Greater CT Ozone Non-Attainment Area,PM 2.5 Attainment Area,5,Windham Regional,21.93751037,CTDOT_OpenData,2023/08/07 13:05:54.033+00,CTDOT_OpenData,2023/08/07 13:05:54.033+00,611582688.862305,129077.189456417
31,139fa308-8a98-443a-885b-d2c414423d58,Cornwall,31,Northwest Hills,Northwest Hills,Northwest Hills,Litchfield,5,B,31,4,Newington,,Greater CT Ozone Non-Attainment Area,PM 2.5 Attainment Area,2,Northwestern CT,46.41985353,CTDOT_OpenData,2023/08/07 13:05:54.033+00,CTDOT_OpenData,2023/08/07 13:05:54.033+00,1294111244.03516,170929.100954434
32,792e3836-1203-4e00-8eb1-a9e43f816b27,Coventry,32,Capital,Capital Region,Capital Region,Tolland,4,C,32,1,Newington,,Greater CT Ozone Non-Attainment Area,PM 2.5 Attainment Area,5,Windham Regional,38.26261025,CTDOT_OpenData,2023/08/07 13:05:54.033+00,CTDOT_OpenData,2023/08/07 13:05:54.033+00,1066700352.91211,175274.948685696
33,299ce848-e4d5-46b2-8027-79ed3b2aadb6,Cromwell,33,Lower Connecticut River Valley,Lower CT River Valley,Lower CT River Valley,Middlesex,3,H,33,1,Newington,Hartford,NY-NJ-LI Ozone Non-Attainment Area,PM 2.5 Attainment Area,4,Middletown Area,13.00815137,CTDOT_OpenData,2023/08/07 13:05:54.033+00,CTDOT_OpenData,2023/08/07 13:05:54.033+00,362646446.879944,93481.1594832402
34,aa9194fb-4330-43a4-9fae-172ff64e9ddd,Danbury,34,Western Connecticut,Western CT,Housatonic Valley,Fairfield,5,A,34,4,Newington,,NY-NJ-LI Ozone Non-Attainment Area,PM 2.5 Attainment - Maintenance Area,1,Housatonic Area Regional,43.93517816,CTDOT_OpenData,2023/08/07 13:05:54.033+00,CTDOT_OpenData,2023/08/07 13:05:54.033+00,1224842470.01602,155466.197521137
35,b4901101-81c8-4aa3-aac6-c6b1f860016c,Darien,35,Western Connecticut,Western CT,South Western,Fairfield,1,G,35,3,Bridgeport,Bridgeport - Stamford,NY-NJ-LI Ozone Non-Attainment Area,PM 2.5 Attainment - Maintenance Area,1,,12.8243049,CTDOT_OpenData,2023/08/07 13:05:54.033+00,CTDOT_OpenData,2023/08/07 13:05:54.033+00,357521101.60495,172451.190842131
36,b4b6a8fa-1044-461d-9480-c5424af9b41f,Deep River,36,Lower Connecticut River Valley,Lower CT River Valley,Lower CT River Valley,Middlesex,2,F,122,2,Bridgeport,New Haven,NY-NJ-LI Ozone Non-Attainment Area,PM 2.5 Attainment Area,5,Estuary,14.12871753,CTDOT_OpenData,2023/08/07 13:05:54.033+00,CTDOT_OpenData,2023/08/07 13:05:54.033+00,393886038.698486,105359.389198212
37,8be5c55e-a4c0-4d79-8e71-e644613d95ef,Derby,37,Naugatuck Valley,Naugatuck Valley,Greater Bridgeport Valley,New Haven,2,I,36,4,Bridgeport,Bridgeport - Stamford,NY-NJ-LI Ozone Non-Attainment Area,PM 2.5 Attainment - Maintenance Area,3,Valley,5.4247971,CTDOT_OpenData,2023/08/07 13:05:54.033+00,CTDOT_OpenData,2023/08/07 13:05:54.033+00,151234663.286865,68436.3922757261
38,92e81fc6-bb55-46db-b11a-1783e64eba7d,Durham,38,Lower Connecticut River Valley,Lower CT River Valley,Lower CT River Valley,Middlesex,2,F,37,1,Newington,Hartford,NY-NJ-LI Ozone Non-Attainment Area,PM 2.5 Attainment Area,4,Middletown Area,23.86699181,CTDOT_OpenData,2023/08/07 13:05:54.033+00,CTDOT_OpenData,2023/08/07 13:05:54.033+00,665373544.149597,115853.179615725
39,f119741e-0df6-4576-8d10-d8d42cdd369f,East Granby,40,Capital,Capital Region,Capital Region,Hartford,3,H,39,4,Newington,Hartford,Greater CT Ozone Non-Attainment Area,PM 2.5 Attainment Area,4,,17.52636285,CTDOT_OpenData,2023/08/07 13:05:54.033+00,CTDOT_OpenData,2023/08/07 13:05:54.033+00,488606953.679688,108620.720746223
40,d93dddc4-d324-4c34-9786-c0b7ce03e948,East Haddam,41,Lower Connecticut River Valley,Lower CT River Valley,Lower CT River Valley,Middlesex,3,K,40,2,Newington,Hartford,NY-NJ-LI Ozone Non-Attainment Area,PM 2.5 Attainment Area,4,,56.63840094,CTDOT_OpenData,2023/08/07 13:05:54.033+00,CTDOT_OpenData,2023/08/07 13:05:54.033+00,1578987995.90942,166350.854183915
41,7a4ed15f-cbdc-4ecd-8f64-4fee44aeea75,East Hampton,42,Lower Connecticut River Valley,Lower CT River Valley,Lower CT River Valley,Middlesex,3,K,41,2,Newington,Hartford,NY-NJ-LI Ozone Non-Attainment Area,PM 2.5 Attainment Area,4,Middletown Area,37.04543108,CTDOT_OpenData,2023/08/07 13:05:54.033+00,CTDOT_OpenData,2023/08/07 13:05:54.033+00,1032767345.11975,159536.631534826
42,0239a027-1ffd-4a58-8fca-8d0e8f37e0e3,East Hartford,43,Capital,Capital Region,Capital Region,Hartford,3,H,42,1,Newington,Hartford,Greater CT Ozone Non-Attainment Area,PM 2.5 Attainment Area,4,Greater Hartford,18.78925205,CTDOT_OpenData,2023/08/07 13:05:54.033+00,CTDOT_OpenData,2023/08/07 13:05:54.033+00,523814284.00647,93638.1448518496
43,adceb801-9669-44c9-9eef-5a44b71f628b,East Haven,44,South Central Connecticut,South Central Regional,South Central Region,New Haven,2,I,43,3,Bridgeport,New Haven,NY-NJ-LI Ozone Non-Attainment Area,PM 2.5 Attainment - Maintenance Area,3,Greater New Haven,12.59957479,CTDOT_OpenData,2023/08/07 13:05:54.033+00,CTDOT_OpenData,2023/08/07 13:05:54.033+00,351255985.679199,128496.880299304
44,21175290-381a-4897-a833-b525f36cedee,East Lyme,45,Southeastern Connecticut,Southeastern CT,Southeastern CT,New London,4,E,44,2,Bridgeport,Southeastern,Greater CT Ozone Non-Attainment Area,PM 2.5 Attainment Area,5,Southeast,35.27689055,CTDOT_OpenData,2023/08/07 13:05:54.033+00,CTDOT_OpenData,2023/08/07 13:05:54.033+00,983463264.875427,194530.79821918
45,338ceb65-b792-496a-a2d1-ceb4ab13f0a0,East Windsor,47,Capital,Capital Region,Capital Region,Hartford,3,H,46,1,Newington,Hartford,Greater CT Ozone Non-Attainment Area,PM 2.5 Attainment Area,4,Greater Hartford,26.73049097,CTDOT_OpenData,2023/08/07 13:05:54.033+00,CTDOT_OpenData,2023/08/07 13:05:54.033+00,745203319.089539,109522.003250711
46,c163f45e-f2ee-4a48-89ab-b81ec8345dda,Eastford,39,Northeastern Connecticut,Northeastern CT,Northeastern CT,Windham,4,D,38,2,Newington,,Greater CT Ozone Non-Attainment Area,PM 2.5 Attainment Area,5,,28.81123213,CTDOT_OpenData,2023/08/07 13:05:54.033+00,CTDOT_OpenData,2023/08/07 13:05:54.033+00,803211053.390625,142718.842896817
47,3c87bfc9-11ab-4b55-aad4-10a37243cd9b,Easton,46,Greater Bridgeport,CT Metropolitan,Greater Bridgeport Valley,Fairfield,1,G,45,3,Bridgeport,Bridgeport - Stamford,NY-NJ-LI Ozone Non-Attainment Area,PM 2.5 Attainment - Maintenance Area,1,,28.60779751,CTDOT_OpenData,2023/08/07 13:05:54.033+00,CTDOT_OpenData,2023/08/07 13:05:54.033+00,797539621.70874,148302.424089352
48,71a3e62e-a0fc-452b-aa32-2c3f37d7f8b9,Ellington,48,Capital,Capital Region,Capital Region,Tolland,3,C,47,1,Newington,Hartford,Greater CT Ozone Non-Attainment Area,PM 2.5 Attainment Area,4,,34.59354358,CTDOT_OpenData,2023/08/07 13:05:54.033+00,CTDOT_OpenData,2023/08/07 13:05:54.033+00,964412644.664917,175548.288242965
49,1311fbf6-d41f-4d7c-841e-c49b2c40046a,Enfield,49,Capital,Capital Region,Capital Region,Hartford,3,H,48,1,Newington,Hartford,Greater CT Ozone Non-Attainment Area,PM 2.5 Attainment Area,4,Greater Hartford,34.20383919,CTDOT_OpenData,2023/08/07 13:05:54.033+00,CTDOT_OpenData,2023/08/07 13:05:54.033+00,953548309.943604,129916.53668744
50,1ff161a9-91e6-44a6-8d9c-9b738e610ffe,Essex,50,Lower Connecticut River Valley,Lower CT River Valley,Lower CT River Valley,Middlesex,2,F,49,2,Bridgeport,New Haven,NY-NJ-LI Ozone Non-Attainment Area,PM 2.5 Attainment Area,5,Estuary,11.78977558,CTDOT_OpenData,2023/08/07 13:05:54.033+00,CTDOT_OpenData,2023/08/07 13:05:54.033+00,328680079.238342,81679.1435470055
51,e3eb7b0d-43fd-4285-9d18-9549deae44d9,Fairfield,51,Greater Bridgeport,CT Metropolitan,Greater Bridgeport Valley,Fairfield,1,G,50,3,Bridgeport,Bridgeport - Stamford,NY-NJ-LI Ozone Non-Attainment Area,PM 2.5 Attainment - Maintenance Area,1,Greater Bridgeport,30.45418181,CTDOT_OpenData,2023/08/07 13:05:54.033+00,CTDOT_OpenData,2023/08/07 13:05:54.033+00,849013861.63501,160389.103828957
52,b66577e9-19b5-4e4a-89a2-c631b41f7d64,Farmington,52,Capital,Capital Region,Capital Region,Hartford,3,H,51,4,Newington,Hartford,Greater CT Ozone Non-Attainment Area,PM 2.5 Attainment Area,4,Greater Hartford,28.72500277,CTDOT_OpenData,2023/08/07 13:05:54.033+00,CTDOT_OpenData,2023/08/07 13:05:54.033+00,800807116.814331,132246.515148893
53,c3da228b-e1ee-4e72-9521-56e220c5f797,Franklin,53,Southeastern Connecticut,Southeastern CT,Southeastern CT,New London,4,K,52,2,Newington,Southeastern,Greater CT Ozone Non-Attainment Area,PM 2.5 Attainment Area,5,,19.67187144,CTDOT_OpenData,2023/08/07 13:05:54.033+00,CTDOT_OpenData,2023/08/07 13:05:54.033+00,548420300.350708,98839.7831616336
54,71fef9be-8946-49d1-928f-63fc42d8dc1d,Glastonbury,54,Capital,Capital Region,Capital Region,Hartford,3,H,53,1,Newington,Hartford,Greater CT Ozone Non-Attainment Area,PM 2.5 Attainment Area,4,,52.18837581,CTDOT_OpenData,2023/08/07 13:05:54.033+00,CTDOT_OpenData,2023/08/07 13:05:54.033+00,1454928415.20929,183952.617154419
55,00ddfbfe-736b-4bef-9965-777ad6435632,Goshen,55,Northwest Hills,Northwest Hills,Northwest Hills,Litchfield,5,B,54,4,Newington,,Greater CT Ozone Non-Attainment Area,PM 2.5 Attainment Area,2,Northwestern CT,45.20643014,CTDOT_OpenData,2023/08/07 13:05:54.033+00,CTDOT_OpenData,2023/08/07 13:05:54.033+00,1260282941.32086,151322.239226704
56,09246b30-d487-4b63-99cd-30024e4a5adf,Granby,56,Capital,Capital Region,Capital Region,Hartford,3,H,55,4,Newington,Hartford,Greater CT Ozone Non-Attainment Area,PM 2.5 Attainment Area,4,Greater Hartford,41.09541439,CTDOT_OpenData,2023/08/07 13:05:54.033+00,CTDOT_OpenData,2023/08/07 13:05:54.033+00,1145674399.90686,150751.164787926
57,75bafb5c-f96e-48b1-80b3-78b46db4f60c,Greenwich,57,Western Connecticut,Western CT,South Western,Fairfield,1,G,56,3,Bridgeport,Bridgeport - Stamford,NY-NJ-LI Ozone Non-Attainment Area,PM 2.5 Attainment - Maintenance Area,1,,48.54362008,CTDOT_OpenData,2023/08/07 13:05:54.033+00,CTDOT_OpenData,2023/08/07 13:05:54.033+00,1353318457.24463,319744.10363065
58,313a4dad-7c3b-4778-8400-5c01b73ecebb,Griswold,58,Southeastern Connecticut,Southeastern CT,Southeastern CT,New London,4,E,57,2,Bridgeport,Southeastern,Greater CT Ozone Non-Attainment Area,PM 2.5 Attainment Area,5,Southeast,36.96698982,CTDOT_OpenData,2023/08/07 13:05:54.033+00,CTDOT_OpenData,2023/08/07 13:05:54.033+00,1030580528.27014,143759.739918954
59,98bb8d5f-bb5a-4849-aac8-42ffdf4e575e,Groton,59,Southeastern Connecticut,Southeastern CT,Southeastern CT,New London,4,E,58,2,Bridgeport,Southeastern,Greater CT Ozone Non-Attainment Area,PM 2.5 Attainment Area,5,Southeast,32.2651693,CTDOT_OpenData,2023/08/07 13:05:54.033+00,CTDOT_OpenData,2023/08/07 13:05:54.033+00,899501295.291138,297330.469042308
60,59d42ab3-23b6-49bb-8919-6623c583c311,Guilford,60,South Central Connecticut,South Central Regional,South Central Region,New Haven,2,F,59,3,Bridgeport,New Haven,NY-NJ-LI Ozone Non-Attainment Area,PM 2.5 Attainment - Maintenance Area,3,,47.28749647,CTDOT_OpenData,2023/08/07 13:05:54.033+00,CTDOT_OpenData,2023/08/07 13:05:54.033+00,1318299740.73828,248790.488169671
61,5967d17d-bbbe-45e7-881c-fc9c781b975f,Haddam,61,Lower Connecticut River Valley,Lower CT River Valley,Lower CT River Valley,Middlesex,2,F,60,2,Bridgeport,Hartford,NY-NJ-LI Ozone Non-Attainment Area,PM 2.5 Attainment Area,4,,46.29576725,CTDOT_OpenData,2023/08/07 13:05:54.033+00,CTDOT_OpenData,2023/08/07 13:05:54.033+00,1290651916.87152,152079.945162443
62,21a91cbf-8df2-4604-87e0-f75acdcd4239,Hamden,62,South Central Connecticut,South Central Regional,South Central Region,New Haven,2,I,61,3,Bridgeport,New Haven,NY-NJ-LI Ozone Non-Attainment Area,PM 2.5 Attainment - Maintenance Area,3,Greater New Haven,33.24536625,CTDOT_OpenData,2023/08/07 13:05:54.033+00,CTDOT_OpenData,2023/08/07 13:05:54.033+00,926827617.855713,174480.089882547
63,edb98e0b-0121-4f16-8461-6d2abbab3132,Hampton,63,Northeastern Connecticut,Northeastern CT,Northeastern CT,Windham,4,D,62,2,Newington,,Greater CT Ozone Non-Attainment Area,PM 2.5 Attainment Area,5,,25.45287218,CTDOT_OpenData,2023/08/07 13:05:54.033+00,CTDOT_OpenData,2023/08/07 13:05:54.033+00,709585351.308044,105935.321010578
64,0cf45e5f-d44f-4683-979a-62a127603370,Hartford,64,Capital,Capital Region,Capital Region,Hartford,3,H,63,1,Newington,Hartford,Greater CT Ozone Non-Attainment Area,PM 2.5 Attainment Area,4,Greater Hartford,18.08605113,CTDOT_OpenData,2023/08/07 13:05:54.033+00,CTDOT_OpenData,2023/08/07 13:05:54.033+00,504210167.418152,110148.787360372
65,a04b9d74-7d86-43d1-be5e-b024190994e7,Hartland,65,Northwest Hills,Northwest Hills,Northwest Hills,Hartford,5,B,64,4,Newington,,Greater CT Ozone Non-Attainment Area,PM 2.5 Attainment Area,2,,34.27258671,CTDOT_OpenData,2023/08/07 13:05:54.033+00,CTDOT_OpenData,2023/08/07 13:05:54.033+00,955464880.82782,129222.298397397
66,a729869d-543b-43e4-92f8-8702a957fb0b,Harwinton,66,Northwest Hills,Northwest Hills,Northwest Hills,Litchfield,5,L,65,4,Newington,,Greater CT Ozone Non-Attainment Area,PM 2.5 Attainment Area,2,Northwestern CT,31.11349525,CTDOT_OpenData,2023/08/07 13:05:54.033+00,CTDOT_OpenData,2023/08/07 13:05:54.033+00,867394465.379272,119037.735420733
67,c1e4eddc-e7af-45de-83c4-ca8714e37306,Hebron,67,Capital,Capital Region,Capital Region,Tolland,3,K,66,2,Newington,Hartford,Greater CT Ozone Non-Attainment Area,PM 2.5 Attainment Area,4,,37.40287173,CTDOT_OpenData,2023/08/07 13:05:54.033+00,CTDOT_OpenData,2023/08/07 13:05:54.033+00,1042732218.53333,154558.409985026
68,f5778f28-8293-44f9-874c-d95900472fbb,Kent,68,Northwest Hills,Northwest Hills,Northwest Hills,Litchfield,5,L,67,4,Newington,,Greater CT Ozone Non-Attainment Area,PM 2.5 Attainment Area,2,Northwestern CT,49.68789382,CTDOT_OpenData,2023/08/07 13:05:54.033+00,CTDOT_OpenData,2023/08/07 13:05:54.033+00,1385218978.26801,160590.008929591
69,4f381240-78ff-4aa7-90ef-2011e7379fc6,Killingly,69,Northeastern Connecticut,Northeastern CT,Northeastern CT,Windham,4,D,68,2,Newington,,Greater CT Ozone Non-Attainment Area,PM 2.5 Attainment Area,5,Northeastern CT,49.97487217,CTDOT_OpenData,2023/08/07 13:05:54.033+00,CTDOT_OpenData,2023/08/07 13:05:54.033+00,1393219475.52747,178608.711465606
70,5696d2b1-37ff-421d-9adb-3da2bdda9eb2,Killingworth,70,Lower Connecticut River Valley,Lower CT River Valley,Lower CT River Valley,Middlesex,2,F,69,2,Bridgeport,New Haven,NY-NJ-LI Ozone Non-Attainment Area,PM 2.5 Attainment Area,5,Estuary,35.88369099,CTDOT_OpenData,2023/08/07 13:05:54.033+00,CTDOT_OpenData,2023/08/07 13:05:54.033+00,1000379890.20361,164541.571407771
71,fd4c1f3b-5fc5-46a0-be46-40d20c2ec21f,Lebanon,71,Southeastern Connecticut,Southeastern CT,Southeastern CT,New London,4,K,70,2,Newington,,Greater CT Ozone Non-Attainment Area,PM 2.5 Attainment Area,5,Windham Regional,55.15940984,CTDOT_OpenData,2023/08/07 13:05:54.033+00,CTDOT_OpenData,2023/08/07 13:05:54.033+00,1537756090.52246,182071.619928428
72,288c0e44-a998-4cec-98a2-89d56e5ceb70,Ledyard,72,Southeastern Connecticut,Southeastern CT,Southeastern CT,New London,4,E,71,2,Bridgeport,Southeastern,Greater CT Ozone Non-Attainment Area,PM 2.5 Attainment Area,5,,39.91046616,CTDOT_OpenData,2023/08/07 13:05:54.033+00,CTDOT_OpenData,2023/08/07 13:05:54.033+00,1112639939.1485,140905.109663238
73,6a17275b-e40f-4748-bb56-90d61ca0afda,Lisbon,73,Southeastern Connecticut,Southeastern CT,Southeastern CT,New London,4,E,72,2,Bridgeport,Southeastern,Greater CT Ozone Non-Attainment Area,PM 2.5 Attainment Area,5,Southeast,16.6528021,CTDOT_OpenData,2023/08/07 13:05:54.033+00,CTDOT_OpenData,2023/08/07 13:05:54.033+00,464253477.876892,103344.486107758
74,5ec592e4-6420-413d-bdf8-07efed38bbce,Litchfield,74,Northwest Hills,Northwest Hills,Northwest Hills,Litchfield,5,L,73,4,Newington,,Greater CT Ozone Non-Attainment Area,PM 2.5 Attainment Area,2,Northwestern CT,56.92581747,CTDOT_OpenData,2023/08/07 13:05:54.033+00,CTDOT_OpenData,2023/08/07 13:05:54.033+00,1587000708.91943,197145.640912583
75,b58bd936-2547-4da4-9c84-24e7bc68ce2b,Lyme,75,Lower Connecticut River Valley,Lower CT River Valley,Lower CT River Valley,New London,4,F,74,2,Bridgeport,New Haven,Greater CT Ozone Non-Attainment Area,PM 2.5 Attainment Area,5,Estuary,34.4071585,CTDOT_OpenData,2023/08/07 13:05:54.033+00,CTDOT_OpenData,2023/08/07 13:05:54.033+00,959216527.032715,144471.334864429
76,043374c7-f7f7-4faf-b87d-58a607b38a51,Madison,76,South Central Connecticut,South Central Regional,South Central Region,New Haven,2,F,75,3,Bridgeport,New Haven,NY-NJ-LI Ozone Non-Attainment Area,PM 2.5 Attainment - Maintenance Area,3,,36.7439139,CTDOT_OpenData,2023/08/07 13:05:54.033+00,CTDOT_OpenData,2023/08/07 13:05:54.033+00,1024361528.72632,236579.858225764
77,b8001710-6eeb-419b-bd1d-58c17cc71132,Manchester,77,Capital,Capital Region,Capital Region,Hartford,3,H,76,1,Newington,Hartford,Greater CT Ozone Non-Attainment Area,PM 2.5 Attainment Area,4,Greater Hartford,27.66233936,CTDOT_OpenData,2023/08/07 13:05:54.033+00,CTDOT_OpenData,2023/08/07 13:05:54.033+00,771181761.28302,114230.070283851
78,2e22ddf1-584a-48ac-934b-3f31ee616811,Mansfield,78,Capital,Capital Region,Capital Region,Tolland,4,C,77,2,Newington,,Greater CT Ozone Non-Attainment Area,PM 2.5 Attainment Area,5,Windham Regional,45.58179151,CTDOT_OpenData,2023/08/07 13:05:54.033+00,CTDOT_OpenData,2023/08/07 13:05:54.033+00,1270747415.64862,170115.108694187
79,c3ebbd95-17ee-4898-b739-d0e346269435,Marlborough,79,Capital,Capital Region,Capital Region,Hartford,3,K,78,2,Newington,Hartford,Greater CT Ozone Non-Attainment Area,PM 2.5 Attainment Area,4,,23.44046961,CTDOT_OpenData,2023/08/07 13:05:54.033+00,CTDOT_OpenData,2023/08/07 13:05:54.033+00,653482787.597839,106326.610909811
80,e7f21c4c-2f60-4347-adea-484d629324de,Meriden,80,South Central Connecticut,South Central Regional,South Central Region,New Haven,2,I,79,1,Newington,New Haven,NY-NJ-LI Ozone Non-Attainment Area,PM 2.5 Attainment - Maintenance Area,3,Meriden,23.92656109,CTDOT_OpenData,2023/08/07 13:05:54.033+00,CTDOT_OpenData,2023/08/07 13:05:54.033+00,667034240.334106,122772.323179626
81,f9b1f42f-79de-4384-97de-72e65ddb8eb1,Middlebury,81,Naugatuck Valley,Naugatuck Valley,Central Naugatuck Valley,New Haven,5,A,80,4,Newington,,NY-NJ-LI Ozone Non-Attainment Area,PM 2.5 Attainment - Maintenance Area,3,Greater Waterbury,18.42126041,CTDOT_OpenData,2023/08/07 13:05:54.033+00,CTDOT_OpenData,2023/08/07 13:05:54.033+00,513555265.803345,100672.204153331
82,9f93dd38-8baf-4c2b-af8a-8ea42c695b9f,Middlefield,82,Lower Connecticut River Valley,Lower CT River Valley,Lower CT River Valley,Middlesex,2,F,81,1,Newington,Hartford,NY-NJ-LI Ozone Non-Attainment Area,PM 2.5 Attainment Area,4,Middletown Area,13.09068178,CTDOT_OpenData,2023/08/07 13:05:54.033+00,CTDOT_OpenData,2023/08/07 13:05:54.033+00,364947262.764893,76989.1704911986
83,e504dc63-b1a6-4de3-8089-93fa30e4d587,Middletown,83,Lower Connecticut River Valley,Lower CT River Valley,Lower CT River Valley,Middlesex,3,F,82,1,Newington,Hartford,NY-NJ-LI Ozone Non-Attainment Area,PM 2.5 Attainment Area,4,Middletown Area,42.46410702,CTDOT_OpenData,2023/08/07 13:05:54.033+00,CTDOT_OpenData,2023/08/07 13:05:54.033+00,1183831360.4884,177457.113614794
84,5a860c0a-694e-4a41-bb22-16162af573b0,Milford,84,South Central Connecticut,South Central Regional,South Central Region,New Haven,2,I,83,3,Bridgeport,New Haven,NY-NJ-LI Ozone Non-Attainment Area,PM 2.5 Attainment - Maintenance Area,3,Milford,22.23421812,CTDOT_OpenData,2023/08/07 13:05:54.033+00,CTDOT_OpenData,2023/08/07 13:05:54.033+00,619854426.178589,189228.894141594
85,d4424605-2015-4f05-8a2e-308cb28fd50b,Monroe,85,Greater Bridgeport,CT Metropolitan,Greater Bridgeport Valley,Fairfield,1,G,84,3,Bridgeport,Bridgeport - Stamford,NY-NJ-LI Ozone Non-Attainment Area,PM 2.5 Attainment - Maintenance Area,1,,26.28458343,CTDOT_OpenData,2023/08/07 13:05:54.033+00,CTDOT_OpenData,2023/08/07 13:05:54.033+00,732772130.277527,130324.891026689
86,13e45804-70ff-420c-83b3-e9e29d784644,Montville,86,Southeastern Connecticut,Southeastern CT,Southeastern CT,New London,4,E,85,2,Bridgeport,Southeastern,Greater CT Ozone Non-Attainment Area,PM 2.5 Attainment Area,5,Southeast,44.24327712,CTDOT_OpenData,2023/08/07 13:05:54.033+00,CTDOT_OpenData,2023/08/07 13:05:54.033+00,1233431776.05591,160025.035359627
87,40cffb8b-4391-421f-bc6a-b352dba2033b,Morris,87,Northwest Hills,Northwest Hills,Northwest Hills,Litchfield,5,L,86,4,Newington,,Greater CT Ozone Non-Attainment Area,PM 2.5 Attainment Area,2,Northwestern CT,18.69176082,CTDOT_OpenData,2023/08/07 13:05:54.033+00,CTDOT_OpenData,2023/08/07 13:05:54.033+00,521096384.422913,99645.834646488
88,73011af8-e4d0-476c-9883-a6420f84438e,Naugatuck,88,Naugatuck Valley,Naugatuck Valley,Central Naugatuck Valley,New Haven,5,I,87,4,Newington,,NY-NJ-LI Ozone Non-Attainment Area,PM 2.5 Attainment - Maintenance Area,3,Greater Waterbury,16.43810537,CTDOT_OpenData,2023/08/07 13:05:54.033+00,CTDOT_OpenData,2023/08/07 13:05:54.033+00,458268076.486328,92433.5399404752
89,8fc2a02d-b1fd-4b85-bd2f-cfcc57e5e91b,New Britain,89,Capital,Capital Region,Capital Region,Hartford,3,H,88,1,Newington,Hartford,Greater CT Ozone Non-Attainment Area,PM 2.5 Attainment Area,4,,13.43306745,CTDOT_OpenData,2023/08/07 13:05:54.033+00,CTDOT_OpenData,2023/08/07 13:05:54.033+00,374492427.250916,78136.7881980336
90,61a251ee-1af9-4af6-a8f3-bba961bb3b7d,New Canaan,90,Western Connecticut,Western CT,South Western,Fairfield,1,G,89,3,Bridgeport,Bridgeport - Stamford,NY-NJ-LI Ozone Non-Attainment Area,PM 2.5 Attainment - Maintenance Area,1,,22.536462,CTDOT_OpenData,2023/08/07 13:05:54.033+00,CTDOT_OpenData,2023/08/07 13:05:54.033+00,628280501.978638,106626.830191828
91,1db57f5f-2607-4b32-a512-32b04058584f,New Fairfield,91,Western Connecticut,Western CT,Housatonic Valley,Fairfield,5,A,90,4,Newington,,NY-NJ-LI Ozone Non-Attainment Area,PM 2.5 Attainment - Maintenance Area,1,Housatonic Area Regional,25.1719989,CTDOT_OpenData,2023/08/07 13:05:54.033+00,CTDOT_OpenData,2023/08/07 13:05:54.033+00,701755053.791199,122974.675179861
92,601becf0-15d7-4422-a9b2-69a3cd7dff83,New Hartford,92,Northwest Hills,Northwest Hills,Northwest Hills,Litchfield,5,B,91,4,Newington,,Greater CT Ozone Non-Attainment Area,PM 2.5 Attainment Area,2,Northwestern CT,38.06772216,CTDOT_OpenData,2023/08/07 13:05:54.033+00,CTDOT_OpenData,2023/08/07 13:05:54.033+00,1061267184.72247,136202.661878598
93,8a191e42-1cba-4b0d-a321-491e6c44f428,New Haven,93,South Central Connecticut,South Central Regional,South Central Region,New Haven,2,I,92,3,Bridgeport,New Haven,NY-NJ-LI Ozone Non-Attainment Area,PM 2.5 Attainment - Maintenance Area,3,Greater New Haven,19.17694329,CTDOT_OpenData,2023/08/07 13:05:54.033+00,CTDOT_OpenData,2023/08/07 13:05:54.033+00,534622495.497437,175974.4459979
94,4d2f7994-2983-450e-a5ae-ebf7e3faccaf,New London,95,Southeastern Connecticut,Southeastern CT,Southeastern CT,New London,4,E,94,2,Bridgeport,Southeastern,Greater CT Ozone Non-Attainment Area,PM 2.5 Attainment Area,5,Southeast,6.22050311,CTDOT_OpenData,2023/08/07 13:05:54.033+00,CTDOT_OpenData,2023/08/07 13:05:54.033+00,173417673.902405,97989.0564699995
95,d6a68428-d5ac-4e89-97ec-ef9e8bcc90c9,New Milford,96,Western Connecticut,Western CT,Housatonic Valley,Litchfield,5,A,95,4,Newington,,Greater CT Ozone Non-Attainment Area,PM 2.5 Attainment Area,1,Housatonic Area Regional,63.88074155,CTDOT_OpenData,2023/08/07 13:05:54.033+00,CTDOT_OpenData,2023/08/07 13:05:54.033+00,1780892864.08557,208424.495770677
96,d9893fae-1414-4842-b76e-68e736802041,Newington,94,Capital,Capital Region,Capital Region,Hartford,3,H,93,1,Newington,Hartford,Greater CT Ozone Non-Attainment Area,PM 2.5 Attainment Area,4,Greater Hartford,13.11384246,CTDOT_OpenData,2023/08/07 13:05:54.033+00,CTDOT_OpenData,2023/08/07 13:05:54.033+00,365592945.515747,83298.0821512865
97,15abdfab-c2ef-4ed5-81d4-18b2887aa2dc,Newtown,97,Western Connecticut,Western CT,Housatonic Valley,Fairfield,5,A,96,4,Newington,,NY-NJ-LI Ozone Non-Attainment Area,PM 2.5 Attainment - Maintenance Area,1,Housatonic Area Regional,58.90366883,CTDOT_OpenData,2023/08/07 13:05:54.033+00,CTDOT_OpenData,2023/08/07 13:05:54.033+00,1642140040.07336,187018.106472899
98,d48f5907-e043-491d-8f31-f2560031c046,Norfolk,98,Northwest Hills,Northwest Hills,Northwest Hills,Litchfield,5,B,97,4,Newington,,Greater CT Ozone Non-Attainment Area,PM 2.5 Attainment Area,2,Northwestern CT,46.34575597,CTDOT_OpenData,2023/08/07 13:05:54.033+00,CTDOT_OpenData,2023/08/07 13:05:54.033+00,1292045522.42279,150993.826721925
99,92bda689-3135-4790-83af-93fed36209aa,North Branford,99,South Central Connecticut,South Central Regional,South Central Region,New Haven,2,F,98,3,Bridgeport,New Haven,NY-NJ-LI Ozone Non-Attainment Area,PM 2.5 Attainment - Maintenance Area,3,Greater New Haven,26.91962082,CTDOT_OpenData,2023/08/07 13:05:54.033+00,CTDOT_OpenData,2023/08/07 13:05:54.033+00,750475956.708801,129718.552438626
100,400b4918-6801-4875-9523-d72b91d196a0,North Canaan,100,Northwest Hills,Northwest Hills,Northwest Hills,Litchfield,5,B,99,4,Newington,,Greater CT Ozone Non-Attainment Area,PM 2.5 Attainment Area,2,Northwestern CT,19.52217156,CTDOT_OpenData,2023/08/07 13:05:54.033+00,CTDOT_OpenData,2023/08/07 13:05:54.033+00,544246907.299255,98261.2567771803
101,b21d0587-8ae1-4143-af73-94a8a664073e,North Haven,101,South Central Connecticut,South Central Regional,South Central Region,New Haven,2,I,100,3,Bridgeport,New Haven,NY-NJ-LI Ozone Non-Attainment Area,PM 2.5 Attainment - Maintenance Area,3,Greater New Haven,21.11166891,CTDOT_OpenData,2023/08/07 13:05:54.033+00,CTDOT_OpenData,2023/08/07 13:05:54.033+00,588559550.12323,123707.400104878
102,0efae809-5e64-48ff-a258-7da3b7c082cd,North Stonington,102,Southeastern Connecticut,Southeastern CT,Southeastern CT,New London,4,E,101,2,Bridgeport,Southeastern,Greater CT Ozone Non-Attainment Area,PM 2.5 Attainment Area,5,,54.93560243,CTDOT_OpenData,2023/08/07 13:05:54.033+00,CTDOT_OpenData,2023/08/07 13:05:54.033+00,1531516697.95453,162086.998414117
103,c7b81ba7-9fd2-40d9-89a2-50c4f2bbaf1a,Norwalk,103,Western Connecticut,Western CT,South Western,Fairfield,1,G,102,3,Bridgeport,Bridgeport - Stamford,NY-NJ-LI Ozone Non-Attainment Area,PM 2.5 Attainment - Maintenance Area,1,Norwalk,22.87650494,CTDOT_OpenData,2023/08/07 13:05:54.033+00,CTDOT_OpenData,2023/08/07 13:05:54.033+00,637760354.825592,247161.011571297
104,9b293b75-8ad6-4c5a-bcdb-2a9abc8ee1d0,Norwich,104,Southeastern Connecticut,Southeastern CT,Southeastern CT,New London,4,E,103,2,Bridgeport,Southeastern,Greater CT Ozone Non-Attainment Area,PM 2.5 Attainment Area,5,Southeast,29.33812627,CTDOT_OpenData,2023/08/07 13:05:54.033+00,CTDOT_OpenData,2023/08/07 13:05:54.033+00,817900018.981445,131559.747902211
105,b32dfe61-1980-4a91-b734-2a51a8700eb2,Old Lyme,105,Lower Connecticut River Valley,Lower CT River Valley,Lower CT River Valley,New London,4,F,104,2,Bridgeport,New Haven,Greater CT Ozone Non-Attainment Area,PM 2.5 Attainment Area,5,Estuary,24.50802073,CTDOT_OpenData,2023/08/07 13:05:54.033+00,CTDOT_OpenData,2023/08/07 13:05:54.033+00,683244404.631165,201078.257865648
106,3be91c74-4ddb-419f-858c-7382611ba9c8,Old Saybrook,106,Lower Connecticut River Valley,Lower CT River Valley,Lower CT River Valley,Middlesex,2,F,105,2,Bridgeport,New Haven,NY-NJ-LI Ozone Non-Attainment Area,PM 2.5 Attainment Area,5,Estuary,15.90110146,CTDOT_OpenData,2023/08/07 13:05:54.033+00,CTDOT_OpenData,2023/08/07 13:05:54.033+00,443297266.565369,154919.697422834
107,a3dbeb31-474d-4608-8302-dfd7ab38b1c0,Orange,107,South Central Connecticut,South Central Regional,South Central Region,New Haven,2,I,106,3,Bridgeport,New Haven,NY-NJ-LI Ozone Non-Attainment Area,PM 2.5 Attainment - Maintenance Area,3,Greater New Haven,17.40181257,CTDOT_OpenData,2023/08/07 13:05:54.033+00,CTDOT_OpenData,2023/08/07 13:05:54.033+00,485134691.143677,94750.0304064114
108,fff871f4-e563-4f4a-a231-13e770bd9476,Oxford,108,Naugatuck Valley,Naugatuck Valley,Central Naugatuck Valley,New Haven,5,A,107,4,Newington,,NY-NJ-LI Ozone Non-Attainment Area,PM 2.5 Attainment - Maintenance Area,3,,33.33000102,CTDOT_OpenData,2023/08/07 13:05:54.033+00,CTDOT_OpenData,2023/08/07 13:05:54.033+00,929187099.871948,138259.384187846
109,511f041b-5093-41b7-a308-f130764c1b1c,Plainfield,109,Northeastern Connecticut,Northeastern CT,Northeastern CT,Windham,4,D,108,2,Newington,,Greater CT Ozone Non-Attainment Area,PM 2.5 Attainment Area,5,,43.07981627,CTDOT_OpenData,2023/08/07 13:05:54.033+00,CTDOT_OpenData,2023/08/07 13:05:54.033+00,1200996349.11932,156360.766712468
110,9d2763af-370d-4248-89e3-03bf1dd7db6b,Plainville,110,Capital,Capital Region,Capital Region,Hartford,3,H,109,1,Newington,Hartford,Greater CT Ozone Non-Attainment Area,PM 2.5 Attainment Area,4,,9.86091693,CTDOT_OpenData,2023/08/07 13:05:54.033+00,CTDOT_OpenData,2023/08/07 13:05:54.033+00,274906586.505859,68007.831812644
111,deb11bcc-c31c-4946-b328-435df5729856,Plymouth,111,Naugatuck Valley,Naugatuck Valley,Central Naugatuck Valley,Litchfield,5,L,110,4,Newington,Hartford,Greater CT Ozone Non-Attainment Area,PM 2.5 Attainment Area,4,,22.32165858,CTDOT_OpenData,2023/08/07 13:05:54.033+00,CTDOT_OpenData,2023/08/07 13:05:54.033+00,622292126.200928,105571.594091664
112,f37848eb-6058-4c0b-b5f2-06db313eda53,Pomfret,112,Northeastern Connecticut,Northeastern CT,Northeastern CT,Windham,4,D,111,2,Newington,,Greater CT Ozone Non-Attainment Area,PM 2.5 Attainment Area,5,,40.77560137,CTDOT_OpenData,2023/08/07 13:05:54.033+00,CTDOT_OpenData,2023/08/07 13:05:54.033+00,1136758524.49463,152694.105041572
113,47cd9492-23cf-4131-8696-7077251f1271,Portland,113,Lower Connecticut River Valley,Lower CT River Valley,Lower CT River Valley,Middlesex,3,K,112,2,Newington,Hartford,NY-NJ-LI Ozone Non-Attainment Area,PM 2.5 Attainment Area,4,Middletown Area,24.67943845,CTDOT_OpenData,2023/08/07 13:05:54.033+00,CTDOT_OpenData,2023/08/07 13:05:54.033+00,688023256.582703,116405.69721934
114,340c5300-3da3-4155-ab66-600f55fd83a9,Preston,114,Southeastern Connecticut,Southeastern CT,Southeastern CT,New London,4,E,113,2,Bridgeport,Southeastern,Greater CT Ozone Non-Attainment Area,PM 2.5 Attainment Area,5,,31.74529551,CTDOT_OpenData,2023/08/07 13:05:54.033+00,CTDOT_OpenData,2023/08/07 13:05:54.033+00,885008045.883911,168202.821610815
115,096f8ccd-de43-4c3b-90d0-c77ed75ddc1b,Prospect,115,Naugatuck Valley,Naugatuck Valley,Central Naugatuck Valley,New Haven,5,I,114,4,Newington,,NY-NJ-LI Ozone Non-Attainment Area,PM 2.5 Attainment - Maintenance Area,3,Greater Waterbury,14.43499341,CTDOT_OpenData,2023/08/07 13:05:54.033+00,CTDOT_OpenData,2023/08/07 13:05:54.033+00,402424520.179626,76671.5877794437
116,fbb5be0a-0225-479f-91ad-21e41471d69d,Putnam,116,Northeastern Connecticut,Northeastern CT,Northeastern CT,Windham,4,D,115,2,Newington,,Greater CT Ozone Non-Attainment Area,PM 2.5 Attainment Area,5,Northeastern CT,20.36701545,CTDOT_OpenData,2023/08/07 13:05:54.033+00,CTDOT_OpenData,2023/08/07 13:05:54.033+00,567799803.237488,110242.039044263
117,2f6bfddf-7bee-4b00-a527-ffbc3a6117ba,Redding,117,Western Connecticut,Western CT,Housatonic Valley,Fairfield,5,A,116,4,Newington,,NY-NJ-LI Ozone Non-Attainment Area,PM 2.5 Attainment - Maintenance Area,1,Housatonic Area Regional,32.02586742,CTDOT_OpenData,2023/08/07 13:05:54.033+00,CTDOT_OpenData,2023/08/07 13:05:54.033+00,892829941.767426,128141.299540486
118,2d147821-fd41-4c60-988b-e5176bd732d7,Ridgefield,118,Western Connecticut,Western CT,Housatonic Valley,Fairfield,5,A,117,4,Newington,,NY-NJ-LI Ozone Non-Attainment Area,PM 2.5 Attainment - Maintenance Area,1,Housatonic Area Regional,34.85773194,CTDOT_OpenData,2023/08/07 13:05:54.033+00,CTDOT_OpenData,2023/08/07 13:05:54.033+00,971777793.519196,133051.89768696
119,31d912ce-3e5b-4d33-9481-bdaed663539a,Rocky Hill,119,Capital,Capital Region,Capital Region,Hartford,3,H,118,1,Newington,Hartford,Greater CT Ozone Non-Attainment Area,PM 2.5 Attainment Area,4,Greater Hartford,13.83903147,CTDOT_OpenData,2023/08/07 13:05:54.033+00,CTDOT_OpenData,2023/08/07 13:05:54.033+00,385810054.738281,92545.0012781135
120,b8b81dfc-250b-4772-a587-898443a8fd44,Roxbury,120,Northwest Hills,Northwest Hills,Northwest Hills,Litchfield,5,A,119,4,Newington,,Greater CT Ozone Non-Attainment Area,PM 2.5 Attainment Area,2,,26.28610976,CTDOT_OpenData,2023/08/07 13:05:54.033+00,CTDOT_OpenData,2023/08/07 13:05:54.033+00,732814681.772217,110664.66476337
121,3f7e242e-81c5-41f8-a096-e0c51765d0b0,Salem,121,Southeastern Connecticut,Southeastern CT,Southeastern CT,New London,4,K,120,2,Bridgeport,Southeastern,Greater CT Ozone Non-Attainment Area,PM 2.5 Attainment Area,5,,29.69947093,CTDOT_OpenData,2023/08/07 13:05:54.033+00,CTDOT_OpenData,2023/08/07 13:05:54.033+00,827973730.002625,122692.458616449
122,d6eebd19-66c2-402c-b89e-3a5be99f1e45,Salisbury,122,Northwest Hills,Northwest Hills,Northwest Hills,Litchfield,5,B,121,4,Newington,,Greater CT Ozone Non-Attainment Area,PM 2.5 Attainment Area,2,Northwestern CT,60.16961518,CTDOT_OpenData,2023/08/07 13:05:54.033+00,CTDOT_OpenData,2023/08/07 13:05:54.033+00,1677432598.93518,184881.59603357
123,9651e395-e3dc-4747-83ff-75cd5b94698f,Scotland,123,Northeastern Connecticut,Northeastern CT,Northeastern CT,Windham,4,D,123,2,Newington,,Greater CT Ozone Non-Attainment Area,PM 2.5 Attainment Area,5,Windham Regional,18.74064768,CTDOT_OpenData,2023/08/07 13:05:54.033+00,CTDOT_OpenData,2023/08/07 13:05:54.033+00,522459271.951294,94090.3137779666
124,3b0c283d-5c7f-40df-8a1d-93c9f5a0e191,Seymour,124,Naugatuck Valley,Naugatuck Valley,Greater Bridgeport Valley,New Haven,2,I,124,4,Newington,Bridgeport - Stamford,NY-NJ-LI Ozone Non-Attainment Area,PM 2.5 Attainment - Maintenance Area,3,Valley,14.94709357,CTDOT_OpenData,2023/08/07 13:05:54.033+00,CTDOT_OpenData,2023/08/07 13:05:54.033+00,416701053.046021,97780.8907986801
125,cd2d798e-ea07-4f8a-a850-5134457c41ca,Sharon,125,Northwest Hills,Northwest Hills,Northwest Hills,Litchfield,5,B,125,4,Newington,,Greater CT Ozone Non-Attainment Area,PM 2.5 Attainment Area,2,Northwestern CT,59.72563773,CTDOT_OpenData,2023/08/07 13:05:54.033+00,CTDOT_OpenData,2023/08/07 13:05:54.033+00,1665055217.93243,169884.75305872
126,7d205156-1396-4f51-84dd-b68c11c60c36,Shelton,126,Naugatuck Valley,Naugatuck Valley,Greater Bridgeport Valley,Fairfield,2,I,126,3,Bridgeport,Bridgeport - Stamford,NY-NJ-LI Ozone Non-Attainment Area,PM 2.5 Attainment - Maintenance Area,3,Valley,31.89002908,CTDOT_OpenData,2023/08/07 13:05:54.033+00,CTDOT_OpenData,2023/08/07 13:05:54.033+00,889042986.304077,136250.518440046
127,5016fe90-379d-4389-964a-e3d6eb1c9ba6,Sherman,127,Western Connecticut,Western CT,Housatonic Valley,Fairfield,5,A,127,4,Newington,,NY-NJ-LI Ozone Non-Attainment Area,PM 2.5 Attainment - Maintenance Area,1,,23.39443037,CTDOT_OpenData,2023/08/07 13:05:54.033+00,CTDOT_OpenData,2023/08/07 13:05:54.033+00,652199287.213196,136961.62089732
128,fe585552-a487-435d-a68a-236c720b5d6e,Simsbury,128,Capital,Capital Region,Capital Region,Hartford,3,H,128,4,Newington,Hartford,Greater CT Ozone Non-Attainment Area,PM 2.5 Attainment Area,4,Greater Hartford,34.32735669,CTDOT_OpenData,2023/08/07 13:05:54.033+00,CTDOT_OpenData,2023/08/07 13:05:54.033+00,956991780.115601,129303.837929556
129,73676b33-fad4-4814-a06a-b999770bebb1,Somers,129,Capital,Capital Region,Capital Region,Tolland,3,C,129,1,Newington,Hartford,Greater CT Ozone Non-Attainment Area,PM 2.5 Attainment Area,4,,28.62263881,CTDOT_OpenData,2023/08/07 13:05:54.033+00,CTDOT_OpenData,2023/08/07 13:05:54.033+00,797953373.44397,113724.51542994
130,7fee647b-6d31-4972-b93d-e841ba2b0656,South Windsor,132,Capital,Capital Region,Capital Region,Hartford,3,H,132,1,Newington,Hartford,Greater CT Ozone Non-Attainment Area,PM 2.5 Attainment Area,4,Greater Hartford,28.69961472,CTDOT_OpenData,2023/08/07 13:05:54.033+00,CTDOT_OpenData,2023/08/07 13:05:54.033+00,800099338.474915,120005.801624569
131,ceea8b4a-54d7-4ace-ae71-a723cdc04434,Southbury,130,Naugatuck Valley,Naugatuck Valley,Central Naugatuck Valley,New Haven,5,A,130,4,Newington,,NY-NJ-LI Ozone Non-Attainment Area,PM 2.5 Attainment - Maintenance Area,3,Greater Waterbury,40.00095464,CTDOT_OpenData,2023/08/07 13:05:54.033+00,CTDOT_OpenData,2023/08/07 13:05:54.033+00,1115162613.20172,154423.074900714
132,8b9f7ca8-9962-4db9-9ab5-40d998076920,Southington,131,Capital,Capital Region,Capital Region,Hartford,3,H,131,1,Newington,Hartford,Greater CT Ozone Non-Attainment Area,PM 2.5 Attainment Area,4,,36.52604977,CTDOT_OpenData,2023/08/07 13:05:54.033+00,CTDOT_OpenData,2023/08/07 13:05:54.033+00,1018287825.39618,152061.469892876
133,11d37dcb-0a2e-44fa-82d6-9771d9771407,Sprague,133,Southeastern Connecticut,Southeastern CT,Southeastern CT,New London,4,E,133,2,Bridgeport,Southeastern,Greater CT Ozone Non-Attainment Area,PM 2.5 Attainment Area,5,,13.80416449,CTDOT_OpenData,2023/08/07 13:05:54.033+00,CTDOT_OpenData,2023/08/07 13:05:54.033+00,384838019.159668,87594.9501246536
134,6529aae0-3b69-4ad6-93db-b9d55608d486,Stafford,134,Capital,Capital Region,Capital Region,Tolland,3,C,134,1,Newington,Hartford,Greater CT Ozone Non-Attainment Area,PM 2.5 Attainment Area,5,,58.88336631,CTDOT_OpenData,2023/08/07 13:05:54.033+00,CTDOT_OpenData,2023/08/07 13:05:54.033+00,1641574038.32983,167541.368797897
135,a17fbc6d-5664-4905-95f7-f3e5c9d41cc7,Stamford,135,Western Connecticut,Western CT,South Western,Fairfield,1,G,135,3,Bridgeport,Bridgeport - Stamford,NY-NJ-LI Ozone Non-Attainment Area,PM 2.5 Attainment - Maintenance Area,1,Stamford,38.36765941,CTDOT_OpenData,2023/08/07 13:05:54.033+00,CTDOT_OpenData,2023/08/07 13:05:54.033+00,1069628955.50226,249724.536866217
136,fc5a3e12-3693-4982-a406-ebc460b14597,Sterling,136,Northeastern Connecticut,Northeastern CT,Northeastern CT,Windham,4,D,136,2,Newington,,Greater CT Ozone Non-Attainment Area,PM 2.5 Attainment Area,5,,27.25943833,CTDOT_OpenData,2023/08/07 13:05:54.033+00,CTDOT_OpenData,2023/08/07 13:05:54.033+00,759949525.115112,127040.892655074
137,abe9d77a-cb44-4caa-aa43-d58ea5399f7d,Stonington,137,Southeastern Connecticut,Southeastern CT,Southeastern CT,New London,4,E,137,2,Bridgeport,Southeastern,Greater CT Ozone Non-Attainment Area,PM 2.5 Attainment Area,5,Southeast,39.26233153,CTDOT_OpenData,2023/08/07 13:05:54.033+00,CTDOT_OpenData,2023/08/07 13:05:54.033+00,1094570982.60681,326823.735883899
138,ddb39292-055e-4ba4-9cf6-40957da7c676,Stratford,138,Greater Bridgeport,CT Metropolitan,Greater Bridgeport Valley,Fairfield,1,G,138,3,Bridgeport,Bridgeport - Stamford,NY-NJ-LI Ozone Non-Attainment Area,PM 2.5 Attainment - Maintenance Area,1,Greater Bridgeport,17.40367005,CTDOT_OpenData,2023/08/07 13:05:54.033+00,CTDOT_OpenData,2023/08/07 13:05:54.033+00,485186474.784424,175086.550436671
139,ef246700-7210-43b3-9e51-49d3103859fb,Suffield,139,Capital,Capital Region,Capital Region,Hartford,3,H,139,4,Newington,Hartford,Greater CT Ozone Non-Attainment Area,PM 2.5 Attainment Area,4,,43.03138765,CTDOT_OpenData,2023/08/07 13:05:54.033+00,CTDOT_OpenData,2023/08/07 13:05:54.033+00,1199646236.77899,158128.444799851
140,ebe4f4c8-c95b-4867-9021-70823ec41c19,Thomaston,140,Naugatuck Valley,Naugatuck Valley,Central Naugatuck Valley,Litchfield,5,L,140,4,Newington,,Greater CT Ozone Non-Attainment Area,PM 2.5 Attainment Area,3,Greater Waterbury,12.14410528,CTDOT_OpenData,2023/08/07 13:05:54.033+00,CTDOT_OpenData,2023/08/07 13:05:54.033+00,338558224.492737,110815.66934514
141,3600b33f-3e7a-479a-8480-c911779ff28c,Thompson,141,Northeastern Connecticut,Northeastern CT,Northeastern CT,Windham,4,D,141,2,Newington,,Greater CT Ozone Non-Attainment Area,PM 2.5 Attainment Area,5,Northeastern CT,48.85287252,CTDOT_OpenData,2023/08/07 13:05:54.033+00,CTDOT_OpenData,2023/08/07 13:05:54.033+00,1361939920.43835,149460.357550834
142,20ec200c-f2ed-43de-aeef-37c51517113c,Tolland,142,Capital,Capital Region,Capital Region,Tolland,3,C,142,1,Newington,Hartford,Greater CT Ozone Non-Attainment Area,PM 2.5 Attainment Area,4,,40.21798573,CTDOT_OpenData,2023/08/07 13:05:54.033+00,CTDOT_OpenData,2023/08/07 13:05:54.033+00,1121213092.81915,141773.600267637
143,36c6b968-3ea9-4ade-807f-81380f0edad9,Torrington,143,Northwest Hills,Northwest Hills,Northwest Hills,Litchfield,5,B,143,4,Newington,,Greater CT Ozone Non-Attainment Area,PM 2.5 Attainment Area,2,Northwestern CT,40.30499158,CTDOT_OpenData,2023/08/07 13:05:54.033+00,CTDOT_OpenData,2023/08/07 13:05:54.033+00,1123638676.66644,154808.528034174
144,9b93a548-1651-4600-8bac-14d1d951192f,Trumbull,144,Greater Bridgeport,CT Metropolitan,Greater Bridgeport Valley,Fairfield,1,G,144,3,Bridgeport,Bridgeport - Stamford,NY-NJ-LI Ozone Non-Attainment Area,PM 2.5 Attainment - Maintenance Area,1,Greater Bridgeport,23.59001443,CTDOT_OpenData,2023/08/07 13:05:54.033+00,CTDOT_OpenData,2023/08/07 13:05:54.033+00,657651857.807678,113833.926131357
145,32462cf9-f63d-40ab-b35c-189fd8e99bb4,Union,145,Northeastern Connecticut,Northeastern CT,Northeastern CT,Tolland,4,C,145,1,Newington,,Greater CT Ozone Non-Attainment Area,PM 2.5 Attainment Area,5,,29.6123955,CTDOT_OpenData,2023/08/07 13:05:54.033+00,CTDOT_OpenData,2023/08/07 13:05:54.033+00,825546206.199524,118083.479413418
146,230556fe-7fb2-4472-b3ba-d2aa2e61d1d3,Vernon,146,Capital,Capital Region,Capital Region,Tolland,3,C,146,1,Newington,Hartford,Greater CT Ozone Non-Attainment Area,PM 2.5 Attainment Area,4,Greater Hartford,18.12638801,CTDOT_OpenData,2023/08/07 13:05:54.033+00,CTDOT_OpenData,2023/08/07 13:05:54.033+00,505334695.153198,93904.2770117837
147,6cbd146c-5b0a-4d16-b5c8-3baaec65725b,Voluntown,147,Northeastern Connecticut,Northeastern CT,Northeastern CT,New London,4,E,147,2,Bridgeport,Southeastern,Greater CT Ozone Non-Attainment Area,PM 2.5 Attainment Area,5,,39.77389439,CTDOT_OpenData,2023/08/07 13:05:54.033+00,CTDOT_OpenData,2023/08/07 13:05:54.033+00,1108832536.67981,141696.187340382
148,c6b30e52-cba4-4751-bb4b-46e17b747f8a,Wallingford,148,South Central Connecticut,South Central Regional,South Central Region,New Haven,2,I,148,3,Bridgeport,New Haven,NY-NJ-LI Ozone Non-Attainment Area,PM 2.5 Attainment - Maintenance Area,3,,40.31343603,CTDOT_OpenData,2023/08/07 13:05:54.033+00,CTDOT_OpenData,2023/08/07 13:05:54.033+00,1123874094.40063,147112.264437353
149,2a029d75-51fe-401e-b534-5adfa195a39c,Warren,149,Northwest Hills,Northwest Hills,Northwest Hills,Litchfield,5,L,149,4,Newington,,Greater CT Ozone Non-Attainment Area,PM 2.5 Attainment Area,2,Northwestern CT,27.49396344,CTDOT_OpenData,2023/08/07 13:05:54.033+00,CTDOT_OpenData,2023/08/07 13:05:54.033+00,766487709.781006,106478.601400991
150,d0fc39d5-11ec-44ef-ab95-014c55362488,Washington,150,Northwest Hills,Northwest Hills,Northwest Hills,Litchfield,5,L,150,4,Newington,,Greater CT Ozone Non-Attainment Area,PM 2.5 Attainment Area,2,,38.64239453,CTDOT_OpenData,2023/08/07 13:05:54.033+00,CTDOT_OpenData,2023/08/07 13:05:54.033+00,1077288131.05615,133885.503152964
151,09656209-f025-45df-b527-d84d506cf74a,Waterbury,151,Naugatuck Valley,Naugatuck Valley,Central Naugatuck Valley,New Haven,5,A,151,4,Newington,,NY-NJ-LI Ozone Non-Attainment Area,PM 2.5 Attainment - Maintenance Area,3,Greater Waterbury,28.99071857,CTDOT_OpenData,2023/08/07 13:05:54.033+00,CTDOT_OpenData,2023/08/07 13:05:54.033+00,808214848.040405,125087.334346403
152,d1e2ed9d-12cb-4248-825d-4f2b9f04c07f,Waterford,152,Southeastern Connecticut,Southeastern CT,Southeastern CT,New London,4,E,152,2,Bridgeport,Southeastern,Greater CT Ozone Non-Attainment Area,PM 2.5 Attainment Area,5,Southeast,34.94540233,CTDOT_OpenData,2023/08/07 13:05:54.033+00,CTDOT_OpenData,2023/08/07 13:05:54.033+00,974221903.658875,178092.976701808
153,5a8b3255-c972-4c83-a6b0-255353d9b5cb,Watertown,153,Naugatuck Valley,Naugatuck Valley,Central Naugatuck Valley,Litchfield,5,L,153,4,Newington,,Greater CT Ozone Non-Attainment Area,PM 2.5 Attainment Area,3,Greater Waterbury,29.63005412,CTDOT_OpenData,2023/08/07 13:05:54.033+00,CTDOT_OpenData,2023/08/07 13:05:54.033+00,826038500.213562,129509.520291096
154,3893de24-d36e-45fe-b8da-0b84db80b364,West Hartford,155,Capital,Capital Region,Capital Region,Hartford,3,H,155,1,Newington,Hartford,Greater CT Ozone Non-Attainment Area,PM 2.5 Attainment Area,4,Greater Hartford,22.36876604,CTDOT_OpenData,2023/08/07 13:05:54.033+00,CTDOT_OpenData,2023/08/07 13:05:54.033+00,623605406.832642,110460.043086605
155,f6244112-432e-4cc5-afa8-594b0c0bfdc4,West Haven,156,South Central Connecticut,South Central Regional,South Central Region,New Haven,2,I,156,3,Bridgeport,New Haven,NY-NJ-LI Ozone Non-Attainment Area,PM 2.5 Attainment - Maintenance Area,3,Greater New Haven,10.92476346,CTDOT_OpenData,2023/08/07 13:05:54.033+00,CTDOT_OpenData,2023/08/07 13:05:54.033+00,304564925.552612,105797.039230458
156,7435e16a-f46e-4dfa-8658-a4b3a3601623,Westbrook,154,Lower Connecticut River Valley,Lower CT River Valley,Lower CT River Valley,Middlesex,2,F,154,2,Bridgeport,New Haven,NY-NJ-LI Ozone Non-Attainment Area,PM 2.5 Attainment Area,5,Estuary,16.08121075,CTDOT_OpenData,2023/08/07 13:05:54.033+00,CTDOT_OpenData,2023/08/07 13:05:54.033+00,448318425.62793,130340.026866251
157,537b3fa4-14ef-49da-9205-646e72b55f68,Weston,157,Western Connecticut,Western CT,South Western,Fairfield,1,G,157,3,Bridgeport,Bridgeport - Stamford,NY-NJ-LI Ozone Non-Attainment Area,PM 2.5 Attainment - Maintenance Area,1,,20.6574245,CTDOT_OpenData,2023/08/07 13:05:54.033+00,CTDOT_OpenData,2023/08/07 13:05:54.033+00,575895942.822754,99228.074990707
158,41db97c1-c2d2-438c-a041-8ee053ca17e4,Westport,158,Western Connecticut,Western CT,South Western,Fairfield,1,G,158,3,Bridgeport,Bridgeport - Stamford,NY-NJ-LI Ozone Non-Attainment Area,PM 2.5 Attainment - Maintenance Area,1,Westport,20.24418118,CTDOT_OpenData,2023/08/07 13:05:54.033+00,CTDOT_OpenData,2023/08/07 13:05:54.033+00,564375380.203979,196182.641088366
159,77a720c1-4ae0-4826-a0d3-6a2a3ef142b9,Wethersfield,159,Capital,Capital Region,Capital Region,Hartford,3,H,159,1,Newington,Hartford,Greater CT Ozone Non-Attainment Area,PM 2.5 Attainment Area,4,Greater Hartford,13.17138366,CTDOT_OpenData,2023/08/07 13:05:54.033+00,CTDOT_OpenData,2023/08/07 13:05:54.033+00,367197101.926514,100603.561506886
160,35b80a67-5aa6-40ce-ba1a-cc089a9f41f8,Willington,160,Capital,Capital Region,Capital Region,Tolland,4,C,160,1,Newington,,Greater CT Ozone Non-Attainment Area,PM 2.5 Attainment Area,5,Windham Regional,33.65965048,CTDOT_OpenData,2023/08/07 13:05:54.033+00,CTDOT_OpenData,2023/08/07 13:05:54.033+00,938377199.496704,150529.372185824
161,cb884344-4958-46e6-ac52-3f09d18f9c3b,Wilton,161,Western Connecticut,Western CT,South Western,Fairfield,1,G,161,3,Bridgeport,Bridgeport - Stamford,NY-NJ-LI Ozone Non-Attainment Area,PM 2.5 Attainment - Maintenance Area,1,Housatonic Area Regional,27.34352422,CTDOT_OpenData,2023/08/07 13:05:54.033+00,CTDOT_OpenData,2023/08/07 13:05:54.033+00,762293705.220581,116765.577073232
162,c92b2e25-3a24-42e7-8f0b-105dad6dcdd6,Winchester,162,Northwest Hills,Northwest Hills,Northwest Hills,Litchfield,5,B,162,4,Newington,,Greater CT Ozone Non-Attainment Area,PM 2.5 Attainment Area,2,Northwestern CT,33.86590625,CTDOT_OpenData,2023/08/07 13:05:54.033+00,CTDOT_OpenData,2023/08/07 13:05:54.033+00,944127280.347412,124745.527972436
163,fe8285fd-e7b8-4cd7-941a-f6e44b6e0845,Windham,163,Southeastern Connecticut,Southeastern CT,Southeastern CT,Windham,4,K,163,2,Newington,,Greater CT Ozone Non-Attainment Area,PM 2.5 Attainment Area,5,Windham Regional,27.76684416,CTDOT_OpenData,2023/08/07 13:05:54.033+00,CTDOT_OpenData,2023/08/07 13:05:54.033+00,774095187.684265,137582.218157782
164,a8369035-12db-475f-a938-daf39a88bb74,Windsor,164,Capital,Capital Region,Capital Region,Hartford,3,H,164,1,Newington,Hartford,Greater CT Ozone Non-Attainment Area,PM 2.5 Attainment Area,4,Greater Hartford,31.04326579,CTDOT_OpenData,2023/08/07 13:05:54.033+00,CTDOT_OpenData,2023/08/07 13:05:54.033+00,865436580.452576,143194.525448056
165,ad974a65-1003-4ef6-bb6d-09789276daa4,Windsor Locks,165,Capital,Capital Region,Capital Region,Hartford,3,H,165,1,Newington,Hartford,Greater CT Ozone Non-Attainment Area,PM 2.5 Attainment Area,4,,9.33858603,CTDOT_OpenData,2023/08/07 13:05:54.033+00,CTDOT_OpenData,2023/08/07 13:05:54.033+00,260344836.505798,69140.8057622064
166,23a71224-9404-4391-943b-09f28aa81899,Wolcott,166,Naugatuck Valley,Naugatuck Valley,Central Naugatuck Valley,New Haven,5,A,166,1,Newington,,NY-NJ-LI Ozone Non-Attainment Area,PM 2.5 Attainment - Maintenance Area,3,Greater Waterbury,21.15564923,CTDOT_OpenData,2023/08/07 13:05:54.033+00,CTDOT_OpenData,2023/08/07 13:05:54.033+00,589785651.285095,96002.6430212177
167,330e4036-cf6a-492d-b922-522cee8ae17e,Woodbridge,167,South Central Connecticut,South Central Regional,South Central Region,New Haven,2,I,167,3,Bridgeport,New Haven,NY-NJ-LI Ozone Non-Attainment Area,PM 2.5 Attainment - Maintenance Area,3,Greater New Haven,19.19151226,CTDOT_OpenData,2023/08/07 13:05:54.033+00,CTDOT_OpenData,2023/08/07 13:05:54.033+00,535028655.047668,104433.183954241
168,3fafbff6-a6c6-45cf-ae09-5fc5b4a143c1,Woodbury,168,Naugatuck Valley,Naugatuck Valley,Central Naugatuck Valley,Litchfield,5,L,168,4,Newington,,Greater CT Ozone Non-Attainment Area,PM 2.5 Attainment Area,3,,36.741894,CTDOT_OpenData,2023/08/07 13:05:54.033+00,CTDOT_OpenData,2023/08/07 13:05:54.033+00,1024305217.00781,132559.48558847
169,ae32fcec-75ac-4108-8546-172e407df9a8,Woodstock,169,Northeastern Connecticut,Northeastern CT,Northeastern CT,Windham,4,D,169,2,Newington,,Greater CT Ozone Non-Attainment Area,PM 2.5 Attainment Area,5,,61.46553867,CTDOT_OpenData,2023/08/07 13:05:54.033+00,CTDOT_OpenData,2023/08/07 13:05:54.033+00,1713560872.28595,166696.464244207
